{"valid/avg_det_tpr":1,"valid/avg_p-mIoU_smooth":0.8205258515566203,"valid/pixel_acc":0.9321366656824042,"valid/avg_mse":0.05355049182274343,"train/loss":0.19822867735226948,"valid/avg_p-F1":0.8465877795764779,"_step":24,"valid/avg_mIoU_smooth":0.8197478757470598,"train/learning_rate":1.3310545538151073e-06,"_wandb":{"runtime":16904},"epoch":24,"valid/loss":0.1406598773197038,"valid/avg_IoU_1_smooth":0.7551931179726808,"valid/avg_det_bacc":0,"valid/avg_mIoU":0.8179947130258993,"_runtime":16904.735021879,"_timestamp":1.7783088565818498e+09,"valid/mIoU_smooth":0.8377983238908504,"valid/avg_p-mIoU":0.8187726797735746,"valid/avg_p-F1_smooth":0.8465887439338744,"valid/mIoU":0.8377983234532093}