{"valid/mIoU":0.8848302605522786,"train/loss":0.16047206288576127,"_step":24,"valid/pixel_acc":0.9579450571455694,"_timestamp":1.7782695519596999e+09,"_wandb":{"runtime":16086},"valid/avg_p-F1":0.8753454029548864,"valid/avg_det_tpr":1,"valid/avg_mIoU_smooth":0.8569674561155742,"valid/avg_p-mIoU":0.8569547021057395,"valid/avg_IoU_1_smooth":0.7941195546722372,"train/learning_rate":1.3310545538151073e-06,"valid/loss":0.1080026980806142,"_runtime":16086.726103619,"valid/avg_p-F1_smooth":0.8753473431605281,"valid/mIoU_smooth":0.8848302610775753,"valid/avg_mIoU":0.8569547021057395,"valid/avg_mse":0.03408404619659996,"valid/avg_det_bacc":0,"epoch":24,"valid/avg_p-mIoU_smooth":0.8569674561155742}