{"valid/avg_mIoU_smooth":0.6819739542262432,"valid/avg_p-F1_smooth":0.7160001369947402,"valid/mIoU":0.6900523468789468,"train/learning_rate":1.3310545538151073e-06,"train/loss":0.31693011756738027,"valid/avg_p-mIoU":0.6843108257794295,"valid/pixel_acc":0.8396865474887172,"epoch":24,"valid/loss":0.2508201163515914,"_step":24,"valid/mIoU_smooth":0.6900523472782063,"valid/avg_mse":0.1100243630098048,"_wandb":{"runtime":21968},"valid/avg_IoU_1_smooth":0.593287934980462,"valid/avg_p-mIoU_smooth":0.6858488304315045,"valid/avg_det_tpr":1,"valid/avg_det_bacc":0,"valid/avg_mIoU":0.6804359610146232,"valid/avg_p-F1":0.7159993281265921,"_timestamp":1.77829194714281e+09,"_runtime":21759.026879749}