{"_wandb":{"runtime":14285},"train/loss":0.1629559642970562,"valid/pixel_acc":0.9558679542921729,"valid/avg_mIoU":0.8541170465791679,"valid/mIoU_smooth":0.8786237810938815,"valid/avg_det_tpr":1,"valid/avg_p-mIoU":0.8541408042311303,"valid/avg_mse":0.0351668137183733,"valid/avg_det_bacc":0,"valid/avg_mIoU_smooth":0.8541297842966621,"valid/avg_p-F1_smooth":0.8726344086260411,"valid/avg_IoU_1_smooth":0.790440946226946,"train/learning_rate":0.0007423016177463754,"valid/avg_p-F1":0.8726325052126795,"_runtime":14285.451813528,"epoch":21,"_step":21,"valid/loss":0.1131433211780386,"valid/mIoU":0.8786237805339272,"valid/avg_p-mIoU_smooth":0.8541535415564707,"_timestamp":1.7782650002707732e+09}